"","aa1","aa2","value"
"1","ARG_Ab","ARG_Ag",0.533684588253716
"2","LYS_Ab","ARG_Ag",1.74157483941999
"3","ASN_Ab","ARG_Ag",-0.234102332834852
"4","ASP_Ab","ARG_Ag",-1.36630612757255
"5","GLN_Ab","ARG_Ag",0.100920808705695
"6","GLU_Ab","ARG_Ag",-1.50515192665368
"7","HIS_Ab","ARG_Ag",0.617640807048225
"8","PRO_Ab","ARG_Ag",0.883160306020844
"9","TYR_Ab","ARG_Ag",-0.539875381597706
"10","TRP_Ab","ARG_Ag",-0.300328944578973
"11","SER_Ab","ARG_Ag",-0.212813798116652
"12","THR_Ab","ARG_Ag",0.383235857303743
"13","GLY_Ab","ARG_Ag",0.122421536833903
"14","ALA_Ab","ARG_Ag",0.0793347655900009
"15","MET_Ab","ARG_Ag",0.0773746059565544
"16","CYS_Ab","ARG_Ag",0.214136879847274
"17","PHE_Ab","ARG_Ag",0.0329390016338803
"18","LEU_Ab","ARG_Ag",0.00477801475842759
"19","VAL_Ab","ARG_Ag",0.518394677017542
"20","ILE_Ab","ARG_Ag",0.42236123084157
"21","ARG_Ab","LYS_Ag",0.878391425058055
"22","LYS_Ab","LYS_Ag",0.613066466134355
"23","ASN_Ab","LYS_Ag",-0.229934934626514
"24","ASP_Ab","LYS_Ag",-1.72918899235098
"25","GLN_Ab","LYS_Ag",0.607717523931869
"26","GLU_Ab","LYS_Ag",-1.22091317244648
"27","HIS_Ab","LYS_Ag",1.03353149417149
"28","PRO_Ab","LYS_Ag",0.222921697284163
"29","TYR_Ab","LYS_Ag",-0.301814353339764
"30","TRP_Ab","LYS_Ag",-0.131289835816848
"31","SER_Ab","LYS_Ag",-0.199833328678233
"32","THR_Ab","LYS_Ag",0.0399406601375995
"33","GLY_Ab","LYS_Ag",0.170353614520374
"34","ALA_Ab","LYS_Ag",0.380755661624862
"35","MET_Ab","LYS_Ag",0.990449120270054
"36","CYS_Ab","LYS_Ag",0.480635700773523
"37","PHE_Ab","LYS_Ag",0.375212516771432
"38","LEU_Ab","LYS_Ag",0.550715716391773
"39","VAL_Ab","LYS_Ag",0.767459586530798
"40","ILE_Ab","LYS_Ag",0.833092603430212
"41","ARG_Ab","ASN_Ag",0.038722276746581
"42","LYS_Ab","ASN_Ag",0.248384128797944
"43","ASN_Ab","ASN_Ag",-0.361559797133543
"44","ASP_Ab","ASN_Ag",0.136235591210471
"45","GLN_Ab","ASN_Ag",-0.0403298156225211
"46","GLU_Ab","ASN_Ag",-0.192110237991456
"47","HIS_Ab","ASN_Ag",0.212540274272306
"48","PRO_Ab","ASN_Ag",0.482476092024875
"49","TYR_Ab","ASN_Ag",-0.0909676417728598
"50","TRP_Ab","ASN_Ag",-0.68913158100897
"51","SER_Ab","ASN_Ag",-0.154396902289654
"52","THR_Ab","ASN_Ag",0.109753892588708
"53","GLY_Ab","ASN_Ag",-0.154887027901981
"54","ALA_Ab","ASN_Ag",0.221514784066364
"55","MET_Ab","ASN_Ag",0.581634903234291
"56","CYS_Ab","ASN_Ag",-1.26983628560412
"57","PHE_Ab","ASN_Ag",-0.257872705036334
"58","LEU_Ab","ASN_Ag",0.260434740351444
"59","VAL_Ab","ASN_Ag",0.28779960676617
"60","ILE_Ab","ASN_Ag",0.087676482863936
"61","ARG_Ab","ASP_Ag",-1.50610862591446
"62","LYS_Ab","ASP_Ag",-0.840699129466152
"63","ASN_Ab","ASP_Ag",-0.286880593993267
"64","ASP_Ab","ASP_Ag",1.20646685720976
"65","GLN_Ab","ASP_Ag",-0.00848114450145507
"66","GLU_Ab","ASP_Ag",1.37892440213029
"67","HIS_Ab","ASP_Ag",0.253862375557672
"68","PRO_Ab","ASP_Ag",0.618536007468758
"69","TYR_Ab","ASP_Ag",-0.313507704326527
"70","TRP_Ab","ASP_Ag",0.167715282525083
"71","SER_Ab","ASP_Ag",-0.411372156763572
"72","THR_Ab","ASP_Ag",0.10102635688418
"73","GLY_Ab","ASP_Ag",-0.273121482679492
"74","ALA_Ab","ASP_Ag",0.437442403105245
"75","MET_Ab","ASP_Ag",1.21333478653464
"76","CYS_Ab","ASP_Ag",0.99830334838449
"77","PHE_Ab","ASP_Ag",0.590116241971883
"78","LEU_Ab","ASP_Ag",1.01197851898265
"79","VAL_Ab","ASP_Ag",0.760940904199287
"80","ILE_Ab","ASP_Ag",1.44812254700732
"81","ARG_Ab","GLN_Ag",0.117342806368596
"82","LYS_Ab","GLN_Ag",0.384067396797817
"83","ASN_Ab","GLN_Ag",-0.3136628070362
"84","ASP_Ab","GLN_Ag",0.521340843760428
"85","GLN_Ab","GLN_Ag",0.101604659783436
"86","GLU_Ab","GLN_Ag",1.27691018471826
"87","HIS_Ab","GLN_Ag",0.584551521087135
"88","PRO_Ab","GLN_Ag",0.274120097446151
"89","TYR_Ab","GLN_Ag",-0.22321034542267
"90","TRP_Ab","GLN_Ag",-0.143480270129354
"91","SER_Ab","GLN_Ag",-0.17659442953787
"92","THR_Ab","GLN_Ag",-0.496121985022318
"93","GLY_Ab","GLN_Ag",0.0719980345050789
"94","ALA_Ab","GLN_Ag",0.173631614219126
"95","MET_Ab","GLN_Ag",-0.420559773512276
"96","CYS_Ab","GLN_Ag",1.67162414494459
"97","PHE_Ab","GLN_Ag",0.257538526592956
"98","LEU_Ab","GLN_Ag",0.267562897327522
"99","VAL_Ab","GLN_Ag",0.660075859034974
"100","ILE_Ab","GLN_Ag",0.494478223929985
"101","ARG_Ab","GLU_Ag",-1.22206320820958
"102","LYS_Ab","GLU_Ag",-0.907462650100798
"103","ASN_Ab","GLU_Ag",0.0600471463292503
"104","ASP_Ab","GLU_Ag",1.50439141790538
"105","GLN_Ab","GLU_Ag",0.883037478977706
"106","GLU_Ab","GLU_Ag",1.67558098002555
"107","HIS_Ab","GLU_Ag",0.139442798948854
"108","PRO_Ab","GLU_Ag",0.913999417237855
"109","TYR_Ab","GLU_Ag",-0.17553086288316
"110","TRP_Ab","GLU_Ag",0.596062091574017
"111","SER_Ab","GLU_Ag",-0.509984548481725
"112","THR_Ab","GLU_Ag",0.0347996570721709
"113","GLY_Ab","GLU_Ag",0.0916111342668753
"114","ALA_Ab","GLU_Ag",0.321894953896707
"115","MET_Ab","GLU_Ag",0.24832881553836
"116","CYS_Ab","GLU_Ag",1.28548182205281
"117","PHE_Ab","GLU_Ag",0.830560335391859
"118","LEU_Ab","GLU_Ag",0.986035896379946
"119","VAL_Ab","GLU_Ag",0.514972684806674
"120","ILE_Ab","GLU_Ag",1.02358428035931
"121","ARG_Ab","HIS_Ag",0.64972191471347
"122","LYS_Ab","HIS_Ag",0.595246559848384
"123","ASN_Ab","HIS_Ag",-0.099203793881806
"124","ASP_Ab","HIS_Ag",-0.000301997838885301
"125","GLN_Ab","HIS_Ag",1.19231639322998
"126","GLU_Ab","HIS_Ag",-0.114422134009378
"127","HIS_Ab","HIS_Ag",-0.180471977894643
"128","PRO_Ab","HIS_Ag",0.217482329575877
"129","TYR_Ab","HIS_Ag",-0.670405454345387
"130","TRP_Ab","HIS_Ag",-0.186315210951414
"131","SER_Ab","HIS_Ag",-0.0431200197575069
"132","THR_Ab","HIS_Ag",-0.073020938119865
"133","GLY_Ab","HIS_Ag",-0.192497900019598
"134","ALA_Ab","HIS_Ag",0.378303602128582
"135","MET_Ab","HIS_Ag",0.543500654099825
"136","CYS_Ab","HIS_Ag",1.07766405594822
"137","PHE_Ab","HIS_Ag",-0.308160145020741
"138","LEU_Ab","HIS_Ag",0.316107652462071
"139","VAL_Ab","HIS_Ag",-0.245948201927603
"140","ILE_Ab","HIS_Ag",0.128017245738562
"141","ARG_Ab","PRO_Ag",0.229277676856661
"142","LYS_Ab","PRO_Ag",0.215234584792703
"143","ASN_Ab","PRO_Ag",-0.406334647845164
"144","ASP_Ab","PRO_Ag",0.365202097435933
"145","GLN_Ab","PRO_Ag",0.283228610767774
"146","GLU_Ab","PRO_Ag",0.608720152595245
"147","HIS_Ab","PRO_Ag",-0.285301995535096
"148","PRO_Ab","PRO_Ag",0.644085125229419
"149","TYR_Ab","PRO_Ag",-0.953296367947696
"150","TRP_Ab","PRO_Ag",-0.82039580345715
"151","SER_Ab","PRO_Ag",-0.184574401332883
"152","THR_Ab","PRO_Ag",0.14532679209328
"153","GLY_Ab","PRO_Ag",-0.12642104921264
"154","ALA_Ab","PRO_Ag",-0.0639424209468888
"155","MET_Ab","PRO_Ag",-0.165518020047649
"156","CYS_Ab","PRO_Ag",-0.293276288304658
"157","PHE_Ab","PRO_Ag",-0.0860775592274423
"158","LEU_Ab","PRO_Ag",0.171070777859301
"159","VAL_Ab","PRO_Ag",0.1312990067959
"160","ILE_Ab","PRO_Ag",0.0391288884854173
"161","ARG_Ab","TYR_Ag",0.0789467299790949
"162","LYS_Ab","TYR_Ag",0.697647699792165
"163","ASN_Ab","TYR_Ag",0.347752272313328
"164","ASP_Ab","TYR_Ag",0.40252800660108
"165","GLN_Ab","TYR_Ag",0.782156324659502
"166","GLU_Ab","TYR_Ag",0.525381451584782
"167","HIS_Ab","TYR_Ag",0.601975197664644
"168","PRO_Ab","TYR_Ag",-0.73741986790087
"169","TYR_Ab","TYR_Ag",0.148354565497778
"170","TRP_Ab","TYR_Ag",-0.112236466872372
"171","SER_Ab","TYR_Ag",0.309246720920311
"172","THR_Ab","TYR_Ag",0.504950283236665
"173","GLY_Ab","TYR_Ag",-0.120862354463851
"174","ALA_Ab","TYR_Ag",0.372862346464236
"175","MET_Ab","TYR_Ag",-0.995523906763466
"176","CYS_Ab","TYR_Ag",-1.39007971999976
"177","PHE_Ab","TYR_Ag",-0.281295089517498
"178","LEU_Ab","TYR_Ag",-0.0913150102418637
"179","VAL_Ab","TYR_Ag",0.0659855420092495
"180","ILE_Ab","TYR_Ag",-0.60253013482088
"181","ARG_Ab","TRP_Ag",0.0750030188244896
"182","LYS_Ab","TRP_Ag",0.839314841854032
"183","ASN_Ab","TRP_Ag",0.653775055780279
"184","ASP_Ab","TRP_Ag",1.03377795521293
"185","GLN_Ab","TRP_Ag",1.16231802962838
"186","GLU_Ab","TRP_Ag",0.770336714457772
"187","HIS_Ab","TRP_Ag",0.206109384177298
"188","PRO_Ab","TRP_Ag",-0.624396137730145
"189","TYR_Ab","TRP_Ag",-0.302426741851585
"190","TRP_Ab","TRP_Ag",-1.0228015461894
"191","SER_Ab","TRP_Ag",0.474264096287906
"192","THR_Ab","TRP_Ag",0.392338223160646
"193","GLY_Ab","TRP_Ag",-0.247410748622553
"194","ALA_Ab","TRP_Ag",-0.305969488657711
"195","MET_Ab","TRP_Ag",-1.52145764833941
"196","CYS_Ab","TRP_Ag",1.18271026262902
"197","PHE_Ab","TRP_Ag",-0.857368338046617
"198","LEU_Ab","TRP_Ag",-0.314952535749423
"199","VAL_Ab","TRP_Ag",-0.722614799681447
"200","ILE_Ab","TRP_Ag",-0.80978653257265
"201","ARG_Ab","SER_Ag",-0.0386586506780228
"202","LYS_Ab","SER_Ag",0.311153974391403
"203","ASN_Ab","SER_Ag",-0.273525129839128
"204","ASP_Ab","SER_Ag",0.226123437221179
"205","GLN_Ab","SER_Ag",0.0419921705300709
"206","GLU_Ab","SER_Ag",0.0283158686296767
"207","HIS_Ab","SER_Ag",0.269135656845475
"208","PRO_Ab","SER_Ag",0.508820034289067
"209","TYR_Ab","SER_Ag",-0.00834357449290283
"210","TRP_Ab","SER_Ag",0.175735956727561
"211","SER_Ab","SER_Ag",0.089718493894579
"212","THR_Ab","SER_Ag",0.0941001980187708
"213","GLY_Ab","SER_Ag",-0.0116452630300676
"214","ALA_Ab","SER_Ag",0.215115789161508
"215","MET_Ab","SER_Ag",0.375057930732626
"216","CYS_Ab","SER_Ag",0.0933352031697584
"217","PHE_Ab","SER_Ag",-0.0436882057350391
"218","LEU_Ab","SER_Ag",0.340695817342029
"219","VAL_Ab","SER_Ag",0.144122870699286
"220","ILE_Ab","SER_Ag",0.568205703104487
"221","ARG_Ab","THR_Ag",-0.00386711980022563
"222","LYS_Ab","THR_Ag",0.368469231209063
"223","ASN_Ab","THR_Ag",0.0321680354130117
"224","ASP_Ab","THR_Ag",0.52721223461268
"225","GLN_Ab","THR_Ag",-0.523734292873197
"226","GLU_Ab","THR_Ag",0.604029674428052
"227","HIS_Ab","THR_Ag",0.517347406813407
"228","PRO_Ab","THR_Ag",0.5207164728784
"229","TYR_Ab","THR_Ag",-0.00179868070216918
"230","TRP_Ab","THR_Ag",-0.0251358032823367
"231","SER_Ab","THR_Ag",0.083918835005477
"232","THR_Ab","THR_Ag",0.25232475977534
"233","GLY_Ab","THR_Ag",-0.0424889506238389
"234","ALA_Ab","THR_Ag",0.220765022792976
"235","MET_Ab","THR_Ag",0.420792123190138
"236","CYS_Ab","THR_Ag",0.647497162707166
"237","PHE_Ab","THR_Ag",-0.213588695572926
"238","LEU_Ab","THR_Ag",0.120612008523799
"239","VAL_Ab","THR_Ag",0.377298884516393
"240","ILE_Ab","THR_Ag",-0.11751168172806
"241","ARG_Ab","GLY_Ag",-0.614524143819727
"242","LYS_Ab","GLY_Ag",0.208133325448436
"243","ASN_Ab","GLY_Ag",-0.359850728171557
"244","ASP_Ab","GLY_Ag",0.498979223847039
"245","GLN_Ab","GLY_Ag",-0.548323384607472
"246","GLU_Ab","GLY_Ag",-0.215892507086759
"247","HIS_Ab","GLY_Ag",0.0560378005096698
"248","PRO_Ab","GLY_Ag",0.0303557170842409
"249","TYR_Ab","GLY_Ag",-0.193614950342825
"250","TRP_Ab","GLY_Ag",-0.348130520097733
"251","SER_Ab","GLY_Ag",-0.0340622377045074
"252","THR_Ab","GLY_Ag",-0.117693681010239
"253","GLY_Ab","GLY_Ag",-0.227451214130671
"254","ALA_Ab","GLY_Ag",-0.267016142076011
"255","MET_Ab","GLY_Ag",-0.515298560767912
"256","CYS_Ab","GLY_Ag",-0.131363722471077
"257","PHE_Ab","GLY_Ag",-0.412722919151351
"258","LEU_Ab","GLY_Ag",0.27391607759179
"259","VAL_Ab","GLY_Ag",-0.309725504437346
"260","ILE_Ab","GLY_Ag",0.23418148584649
"261","ARG_Ab","ALA_Ag",0.0042779716392436
"262","LYS_Ab","ALA_Ag",0.205110180207305
"263","ASN_Ab","ALA_Ag",-0.207714452745581
"264","ASP_Ab","ALA_Ag",0.698564343150222
"265","GLN_Ab","ALA_Ag",0.208635525463585
"266","GLU_Ab","ALA_Ag",0.151120800649375
"267","HIS_Ab","ALA_Ag",-0.170049535736656
"268","PRO_Ab","ALA_Ag",0.010433504133619
"269","TYR_Ab","ALA_Ag",-0.317999792562046
"270","TRP_Ab","ALA_Ag",-0.655637202476478
"271","SER_Ab","ALA_Ag",-0.0972442383334721
"272","THR_Ab","ALA_Ag",0.14905073259928
"273","GLY_Ab","ALA_Ag",0.426432007281616
"274","ALA_Ab","ALA_Ag",0.298392333350037
"275","MET_Ab","ALA_Ag",-0.499750536912632
"276","CYS_Ab","ALA_Ag",-0.781486885768641
"277","PHE_Ab","ALA_Ag",-0.511451451827235
"278","LEU_Ab","ALA_Ag",-0.40876031243684
"279","VAL_Ab","ALA_Ag",-0.0198865582517087
"280","ILE_Ab","ALA_Ag",0.105973964356502
"281","ARG_Ab","MET_Ag",0.724894640759121
"282","LYS_Ab","MET_Ag",1.61963325998637
"283","ASN_Ab","MET_Ag",0.653133153314159
"284","ASP_Ab","MET_Ag",1.34722544238293
"285","GLN_Ab","MET_Ag",1.7648123831825
"286","GLU_Ab","MET_Ag",0.531400016153771
"287","HIS_Ab","MET_Ag",1.06200601722374
"288","PRO_Ab","MET_Ag",0.924033045912806
"289","TYR_Ab","MET_Ag",-0.141866178841978
"290","TRP_Ab","MET_Ag",-0.250871233063974
"291","SER_Ab","MET_Ag",0.51499624819598
"292","THR_Ab","MET_Ag",0.611369503978072
"293","GLY_Ab","MET_Ag",0.680676102846949
"294","ALA_Ab","MET_Ag",0.247514293060026
"295","MET_Ab","MET_Ag",0.562974238970331
"296","CYS_Ab","MET_Ag",1.81011046077842
"297","PHE_Ab","MET_Ag",-1.03572392251119
"298","LEU_Ab","MET_Ag",0.0513776636242523
"299","VAL_Ab","MET_Ag",0.16228204943303
"300","ILE_Ab","MET_Ag",-0.288478838091174
"301","ARG_Ab","CYS_Ag",0.691299100416442
"302","LYS_Ab","CYS_Ag",2.87336734483346
"303","ASN_Ab","CYS_Ag",0.500513998708884
"304","ASP_Ab","CYS_Ag",1.91346710509019
"305","GLN_Ab","CYS_Ag",2.04268361786345
"306","GLU_Ab","CYS_Ag",2.1565618208038
"307","HIS_Ab","CYS_Ag",1.89015958565861
"308","PRO_Ab","CYS_Ag",1.79074148019492
"309","TYR_Ab","CYS_Ag",0.532753327079444
"310","TRP_Ab","CYS_Ag",-0.169297030443911
"311","SER_Ab","CYS_Ag",1.65316092001295
"312","THR_Ab","CYS_Ag",1.79176355895993
"313","GLY_Ab","CYS_Ag",0.861614110862136
"314","ALA_Ab","CYS_Ag",2.92654690876441
"315","MET_Ab","CYS_Ag",3.09169113671104
"316","CYS_Ab","CYS_Ag",-2.69295805834289
"317","PHE_Ab","CYS_Ag",0.379599284090605
"318","LEU_Ab","CYS_Ag",0.829625687740819
"319","VAL_Ab","CYS_Ag",0.90873241851576
"320","ILE_Ab","CYS_Ag",1.32793426569855
"321","ARG_Ab","PHE_Ag",-0.527078650863412
"322","LYS_Ab","PHE_Ag",1.56309674303477
"323","ASN_Ab","PHE_Ag",-0.0583984827506993
"324","ASP_Ab","PHE_Ag",1.01363105020186
"325","GLN_Ab","PHE_Ag",0.71112966086442
"326","GLU_Ab","PHE_Ag",1.6304543260199
"327","HIS_Ab","PHE_Ag",-0.232175167965742
"328","PRO_Ab","PHE_Ag",-1.03901416859012
"329","TYR_Ab","PHE_Ag",-0.403771029078799
"330","TRP_Ab","PHE_Ag",-0.80481995479136
"331","SER_Ab","PHE_Ag",0.238989305703996
"332","THR_Ab","PHE_Ag",0.309674290718208
"333","GLY_Ab","PHE_Ag",-0.107442028411016
"334","ALA_Ab","PHE_Ag",-0.389311442800788
"335","MET_Ab","PHE_Ag",-2.00104034363156
"336","CYS_Ab","PHE_Ag",-2.08114784130564
"337","PHE_Ab","PHE_Ag",-0.97575425785074
"338","LEU_Ab","PHE_Ag",-0.973777712968292
"339","VAL_Ab","PHE_Ag",-0.949437396076147
"340","ILE_Ab","PHE_Ag",-0.588753618687867
"341","ARG_Ab","LEU_Ag",0.455972119099064
"342","LYS_Ab","LEU_Ag",0.975919810713144
"343","ASN_Ab","LEU_Ag",0.386265189257198
"344","ASP_Ab","LEU_Ag",1.12438386686188
"345","GLN_Ab","LEU_Ag",1.56701288978763
"346","GLU_Ab","LEU_Ag",1.38808537765103
"347","HIS_Ab","LEU_Ag",0.538739447601414
"348","PRO_Ab","LEU_Ag",-0.235674736748898
"349","TYR_Ab","LEU_Ag",-0.2836566874608
"350","TRP_Ab","LEU_Ag",-0.619897336598905
"351","SER_Ab","LEU_Ag",0.282892670153083
"352","THR_Ab","LEU_Ag",0.272296575355773
"353","GLY_Ab","LEU_Ag",0.307121316306188
"354","ALA_Ab","LEU_Ag",-0.168506481004755
"355","MET_Ab","LEU_Ag",-1.06711714977404
"356","CYS_Ab","LEU_Ag",-2.03537759439646
"357","PHE_Ab","LEU_Ag",-1.16809378515545
"358","LEU_Ab","LEU_Ag",-1.18668213492613
"359","VAL_Ab","LEU_Ag",-0.470578199468745
"360","ILE_Ab","LEU_Ag",-0.80459798750014
"361","ARG_Ab","VAL_Ag",0.360223297352969
"362","LYS_Ab","VAL_Ag",1.11749111356616
"363","ASN_Ab","VAL_Ag",0.239350321557188
"364","ASP_Ab","VAL_Ag",0.945997122567721
"365","GLN_Ab","VAL_Ag",0.844472105272798
"366","GLU_Ab","VAL_Ag",0.710977238170851
"367","HIS_Ab","VAL_Ag",0.344039262854077
"368","PRO_Ab","VAL_Ag",0.477559624297603
"369","TYR_Ab","VAL_Ag",-0.277349784082284
"370","TRP_Ab","VAL_Ag",-0.252529760313524
"371","SER_Ab","VAL_Ag",0.300928694572657
"372","THR_Ab","VAL_Ag",0.308561900193738
"373","GLY_Ab","VAL_Ag",0.24236119761214
"374","ALA_Ab","VAL_Ag",0.257096625188015
"375","MET_Ab","VAL_Ag",0.138718801615197
"376","CYS_Ab","VAL_Ag",0.133256291789983
"377","PHE_Ab","VAL_Ag",-0.680876013571053
"378","LEU_Ab","VAL_Ag",-0.639402054396741
"379","VAL_Ab","VAL_Ag",0.205393341977036
"380","ILE_Ab","VAL_Ag",-0.16612568612041
"381","ARG_Ab","ILE_Ag",0.403857935814879
"382","LYS_Ab","ILE_Ag",1.59535557166233
"383","ASN_Ab","ILE_Ag",0.658954720617438
"384","ASP_Ab","ILE_Ag",1.34950720463926
"385","GLN_Ab","ILE_Ag",0.656468493041947
"386","GLU_Ab","ILE_Ag",1.3086571758312
"387","HIS_Ab","ILE_Ag",0.298414509725834
"388","PRO_Ab","ILE_Ag",0.229208976066802
"389","TYR_Ab","ILE_Ag",-0.0892789327135845
"390","TRP_Ab","ILE_Ag",-0.0854357988046346
"391","SER_Ab","ILE_Ag",0.474530434380432
"392","THR_Ab","ILE_Ag",0.514167783066176
"393","GLY_Ab","ILE_Ag",0.154304580149721
"394","ALA_Ab","ILE_Ag",-0.0755177042590247
"395","MET_Ab","ILE_Ag",-0.438973236644635
"396","CYS_Ab","ILE_Ag",-1.0085630602197
"397","PHE_Ab","ILE_Ag",-0.981566455404801
"398","LEU_Ab","ILE_Ag",-0.60053590113959
"399","VAL_Ab","ILE_Ag",-0.328430197985895
"400","ILE_Ab","ILE_Ag",-0.686120919124051
